{
  "similarity_matrix": {
    "walk stably": {
      "Stable Walking": 0.651353120803833,
      "Chaotic Motion": 0.6495254039764404,
      "Minimal Motion": 0.3473806381225586
    },
    "walk forward": {
      "Stable Walking": 0.6494834423065186,
      "Chaotic Motion": 0.6519371271133423,
      "Minimal Motion": 0.33632832765579224
    },
    "run fast": {
      "Stable Walking": 0.6585861444473267,
      "Chaotic Motion": 0.6401554942131042,
      "Minimal Motion": 0.3499797284603119
    },
    "turn left": {
      "Stable Walking": 0.6490126848220825,
      "Chaotic Motion": 0.6452322006225586,
      "Minimal Motion": 0.3496626913547516
    },
    "stop moving": {
      "Stable Walking": 0.6618479490280151,
      "Chaotic Motion": 0.655937910079956,
      "Minimal Motion": 0.3708812892436981
    }
  },
  "similarity_stats": {
    "mean": 0.5511536101500193,
    "std": 0.14187018301430737,
    "min": 0.33632832765579224,
    "max": 0.6618479490280151,
    "range": 0.3255196213722229
  },
  "diagnostics": [
    "\u2705 Good: Stable motion scores better than chaotic motion"
  ],
  "environment_stats": {
    "mean_reward": 1.3791927944051385,
    "mean_similarity": 0.3009525388302281,
    "mean_language_reward": 0.5079029002372331,
    "similarity_range": [
      0.0,
      0.3550141895189881
    ],
    "similarity_std": 0.11122780569229027
  },
  "recommendations": [
    "INVESTIGATE: Print actual motion features to verify extraction is working",
    "INVESTIGATE: Test with simpler environments (HalfCheetah, Ant) to isolate issues",
    "CONSIDER: Implement simple rule-based similarity for debugging",
    "CONSIDER: Increase language reward weight to 0.95 for stronger signal",
    "CONSIDER: Use much longer training (200k+ steps) with current performance levels"
  ]
}