{
  "similarity_matrix": {
    "walk stably": {
      "Stable Walking": 0.6809985637664795,
      "Chaotic Motion": 0.6568431854248047,
      "Minimal Motion": 0.3688255250453949
    },
    "walk forward": {
      "Stable Walking": 0.6630508899688721,
      "Chaotic Motion": 0.6378121376037598,
      "Minimal Motion": 0.36392074823379517
    },
    "run fast": {
      "Stable Walking": 0.639768123626709,
      "Chaotic Motion": 0.6482878923416138,
      "Minimal Motion": 0.34478437900543213
    },
    "turn left": {
      "Stable Walking": 0.6570383310317993,
      "Chaotic Motion": 0.6608947515487671,
      "Minimal Motion": 0.3713102638721466
    },
    "stop moving": {
      "Stable Walking": 0.6607193946838379,
      "Chaotic Motion": 0.644501268863678,
      "Minimal Motion": 0.362003356218338
    }
  },
  "similarity_stats": {
    "mean": 0.5573839207490285,
    "std": 0.13850356684234383,
    "min": 0.34478437900543213,
    "max": 0.6809985637664795,
    "range": 0.33621418476104736
  },
  "diagnostics": [
    "\u2705 Good: Stable motion scores better than chaotic motion"
  ],
  "environment_stats": {
    "mean_reward": 1.4177759922068451,
    "mean_similarity": 0.32893711924552915,
    "mean_language_reward": 0.5302479692868263,
    "similarity_range": [
      0.0,
      0.3832164406776428
    ],
    "similarity_std": 0.121529990439801
  },
  "recommendations": [
    "INVESTIGATE: Print actual motion features to verify extraction is working",
    "INVESTIGATE: Test with simpler environments (HalfCheetah, Ant) to isolate issues",
    "CONSIDER: Implement simple rule-based similarity for debugging",
    "CONSIDER: Increase language reward weight to 0.95 for stronger signal",
    "CONSIDER: Use much longer training (200k+ steps) with current performance levels"
  ]
}