{
  "walk forward": {
    "instruction": "walk forward",
    "num_episodes": 10,
    "mean_reward": 383.793498593368,
    "std_reward": 42.624243898721716,
    "mean_language_reward": 28.426817917416336,
    "mean_episode_length": 66.0,
    "episode_rewards": [
      406.9386007946212,
      355.6474259235245,
      399.9055897833294,
      413.7925336838565,
      354.9989300678698,
      350.1798254848993,
      480.2041705475564,
      393.64508833762153,
      360.288892747517,
      322.3339285628839
    ],
    "language_rewards": [
      31.417854053433985,
      25.85058257030323,
      30.548724634223618,
      30.421640753746033,
      25.467017905786633,
      25.34889966947958,
      37.174188003409654,
      29.025157740106806,
      26.003381056478247,
      23.010732787195593
    ]
  }
}