{
  "walk forward": {
    "instruction": "walk forward",
    "num_episodes": 3,
    "mean_reward": 325.98952346980656,
    "std_reward": 94.66919431656228,
    "mean_language_reward": 0.0,
    "mean_episode_length": 60.333333333333336,
    "episode_rewards": [
      194.3511604680104,
      412.9484913574222,
      370.6689185839871
    ],
    "language_rewards": [
      0.0,
      0.0,
      0.0
    ]
  },
  "turn left": {
    "instruction": "turn left",
    "num_episodes": 3,
    "mean_reward": 216.41115648392085,
    "std_reward": 2.4047394985714043,
    "mean_language_reward": 0.0,
    "mean_episode_length": 39.666666666666664,
    "episode_rewards": [
      218.92037499173026,
      213.16857717389502,
      217.14451728613724
    ],
    "language_rewards": [
      0.0,
      0.0,
      0.0
    ]
  },
  "turn right": {
    "instruction": "turn right",
    "num_episodes": 3,
    "mean_reward": 244.07504382837305,
    "std_reward": 4.245006830616179,
    "mean_language_reward": 0.0,
    "mean_episode_length": 45.333333333333336,
    "episode_rewards": [
      250.0777783397849,
      241.14789434072642,
      240.9994588046078
    ],
    "language_rewards": [
      0.0,
      0.0,
      0.0
    ]
  }
}