{
  "instruction": "turn right",
  "num_episodes": 3,
  "mean_reward": 244.07504382837305,
  "std_reward": 4.245006830616179,
  "mean_language_reward": 0.0,
  "mean_episode_length": 45.333333333333336,
  "episode_rewards": [
    250.0777783397849,
    241.14789434072642,
    240.9994588046078
  ],
  "language_rewards": [
    0.0,
    0.0,
    0.0
  ]
}