{
  "instruction": "turn left",
  "num_episodes": 3,
  "mean_reward": 216.41115648392085,
  "std_reward": 2.4047394985714043,
  "mean_language_reward": 0.0,
  "mean_episode_length": 39.666666666666664,
  "episode_rewards": [
    218.92037499173026,
    213.16857717389502,
    217.14451728613724
  ],
  "language_rewards": [
    0.0,
    0.0,
    0.0
  ]
}