{
  "instruction": "walk forward",
  "num_episodes": 3,
  "mean_reward": 325.98952346980656,
  "std_reward": 94.66919431656228,
  "mean_language_reward": 0.0,
  "mean_episode_length": 60.333333333333336,
  "episode_rewards": [
    194.3511604680104,
    412.9484913574222,
    370.6689185839871
  ],
  "language_rewards": [
    0.0,
    0.0,
    0.0
  ]
}