{
  "instruction": "turn right",
  "num_episodes": 3,
  "mean_total_reward": 173.22931750896723,
  "std_total_reward": 8.317970085439331,
  "mean_language_reward": "21.004662",
  "mean_env_reward": 401.5663003781736,
  "mean_similarity": 0.2812921782589409,
  "mean_episode_length": 73.0,
  "mean_computation_time": 0.00849896232073484,
  "episode_data": [
    {
      "total_reward": 181.3308588843298,
      "language_reward": "22.067863",
      "env_reward": 420.225349504856,
      "steps": 76,
      "similarities": [
        0.0,
        0.0,
        0.0,
        0.03359081494243799,
        0.06544302102307184,
        0.09203815206797827,
        0.1160771759448561,
        0.13867433563517628,
        0.15900942876015453,
        0.17735964717255126,
        0.19212925886318236,
        0.20604507618185666,
        0.21860135912987413,
        0.23087405684056322,
        0.24154743954260302,
        0.2500281993093183,
        0.26031310281143294,
        0.26850922283945766,
        0.27308698232741874,
        0.2796884822785727,
        0.2857790611123867,
        0.2906022255368873,
        0.2957420850500374,
        0.2994473132573988,
        0.303467682103079,
        0.30814754908020864,
        0.3120579152406201,
        0.31371055197844,
        0.31621794937554265,
        0.31865881516742256,
        0.3192972191155464,
        0.3216188669772303,
        0.32353617426463316,
        0.3253362480571248,
        0.3267308720717862,
        0.3284170570140526,
        0.33103542673669245,
        0.3304259976100964,
        0.3318828146007097,
        0.33283796951332983,
        0.3336537679697546,
        0.3328948670390185,
        0.3341711690625732,
        0.33660218716046186,
        0.33653773146785076,
        0.33787677608091615,
        0.3391128992058009,
        0.3383512845262828,
        0.33719531038089967,
        0.3365747749417949,
        0.3381260282624791,
        0.3371367091366544,
        0.33691313133007383,
        0.33544708851640553,
        0.33477490019040385,
        0.3337252400779259,
        0.33411621123128954,
        0.3337969817704412,
        0.33366055990168725,
        0.3327878364510086,
        0.3312331693064885,
        0.33084992571149696,
        0.33119760996815667,
        0.32945887219390196,
        0.32848111874598473,
        0.32742168739053584,
        0.3263787882593638,
        0.3251407846695206,
        0.32674592177255063,
        0.32661922246682346,
        0.3260600968573114,
        0.32662009664509467,
        0.3263976597205979,
        0.3267242691408994,
        0.3265053007970882,
        0.3267952325901952
      ],
      "computation_times": [
        0,
        0,
        0,
        0.00700068473815918,
        0.0070035457611083984,
        0.00733796755472819,
        0.007131338119506836,
        0.007105588912963867,
        0.007672826449076335,
        0.007869788578578405,
        0.007826030254364014,
        0.007847600513034396,
        0.008215117454528808,
        0.008195508610118519,
        0.008096138636271158,
        0.00805057012117826,
        0.008119566099984305,
        0.008179235458374023,
        0.008453071117401123,
        0.008544697481043199,
        0.00882059997982449,
        0.008751605686388518,
        0.008639395236968994,
        0.00875241415841239,
        0.008946548808704723,
        0.008861914924953295,
        0.008953084548314413,
        0.009075422286987305,
        0.009015230032113882,
        0.008922276673493561,
        0.00892552307673863,
        0.008945802162433493,
        0.008881147702534993,
        0.008821025971443422,
        0.008811429142951965,
        0.009015090537793709,
        0.009221196174621582,
        0.009343930653163366,
        0.00947387350930108,
        0.009501856726569098,
        0.009581346260873895,
        0.009528086735652043,
        0.009477436542510986,
        0.009478318982008026,
        0.009479040191287086,
        0.009456567986066951,
        0.009435187686573376,
        0.009425809648301866,
        0.009405955024387526,
        0.009461539856930996,
        0.009493917226791382,
        0.009433006753726882,
        0.009384498596191407,
        0.009377035440183153,
        0.009350487819084754,
        0.009325076948921636,
        0.009300554240191425,
        0.009276975284923206,
        0.00925426823752267,
        0.009205931111385948,
        0.009159396434652394,
        0.009114491737495034,
        0.009087904294331869,
        0.009078459661515033,
        0.009053176449191186,
        0.00900488051157149,
        0.008973650634288788,
        0.00893558722275954,
        0.008936647212866581,
        0.008907848329686406,
        0.008872568607330322,
        0.008838446243949558,
        0.008819454056876046,
        0.008779821261553697,
        0.008741249640782675,
        0.008710583595380392
      ]
    },
    {
      "total_reward": 176.5647982400275,
      "language_reward": "21.70045",
      "env_reward": 408.8613232571172,
      "steps": 75,
      "similarities": [
        0.0,
        0.0,
        0.0,
        0.03365153526104231,
        0.06340156947624406,
        0.09034111333688047,
        0.11460836957311638,
        0.1368265723049741,
        0.15740047022526432,
        0.17578519907693074,
        0.19171135691897329,
        0.20495216259463445,
        0.21884435819091608,
        0.2307686416621394,
        0.24065188954571948,
        0.2506774353583177,
        0.2602773726873471,
        0.2674142783497338,
        0.2742895913910765,
        0.27906288956071357,
        0.28388597166431184,
        0.28985167006879076,
        0.2945263347322721,
        0.2987712826251813,
        0.304306483177013,
        0.3077119611449985,
        0.3107907004983802,
        0.31447989442369695,
        0.31587773543767383,
        0.3193608839338937,
        0.320676865715631,
        0.3235557847229621,
        0.3248676873755361,
        0.32703998445740456,
        0.3286164869243618,
        0.32952837095962395,
        0.3324143445237536,
        0.33304955284969573,
        0.33418802288735616,
        0.3350131577043777,
        0.33519788419358865,
        0.33550652646614604,
        0.336909938914486,
        0.3378738306346193,
        0.3384554601778089,
        0.33854356741476976,
        0.33918530533765234,
        0.3386644033264859,
        0.3376347654930474,
        0.3381519768912637,
        0.33953097972803575,
        0.3389446409635053,
        0.3388079142113012,
        0.33869787152347797,
        0.3376415572676753,
        0.3371788225612703,
        0.33739731566540765,
        0.3368602589561199,
        0.33499945584177554,
        0.3327868436820663,
        0.332176028972911,
        0.3325556835154478,
        0.33248789514778676,
        0.3321086917753753,
        0.3310680132564507,
        0.32930399775879915,
        0.33033496007019947,
        0.33008402526444475,
        0.3298217343818011,
        0.33038246455844544,
        0.3305349130843597,
        0.33076625884612476,
        0.3305969219090559,
        0.3312737543279567,
        0.3322542522210384
      ],