{
  "instruction": "walk forward",
  "num_episodes": 3,
  "mean_total_reward": 313.3774429306057,
  "std_total_reward": 45.99663604194318,
  "mean_language_reward": 25.433372045908552,
  "mean_env_reward": 436.7820446527126,
  "mean_similarity": 0.3039353589926504,
  "mean_episode_length": 83.33333333333333,
  "mean_computation_time": 0.006734885961829144,
  "episode_data": [
    {
      "total_reward": 309.39288312324845,
      "language_reward": 24.95635850833112,
      "env_reward": 431.2942508153555,
      "steps": 82,
      "similarities": [
        0.0,
        0.0,
        0.0,
        0.03590632598930571,
        0.0683741852799375,
        0.09750735194734533,
        0.12488101807750282,
        0.1492314021726663,
        0.17030913300334558,
        0.18807660886373712,
        0.20513030032902613,
        0.2202440366924187,
        0.23354025023036082,
        0.2454269369173866,
        0.25724942680651175,
        0.26593093469752555,
        0.2749353064952381,
        0.28259682806178493,
        0.28903981849967136,
        0.29528164063621987,
        0.3010616820124903,
        0.3068517787952797,
        0.3125115554308053,
        0.31558311926209365,
        0.31953936006207273,
        0.3223642899982539,
        0.325892743677902,
        0.32788993396335114,
        0.32921020400620143,
        0.3319742052782385,
        0.3343020439923722,
        0.33662920985221184,
        0.33846967429768626,
        0.3412930433329044,
        0.34386250101558374,
        0.34532633284654557,
        0.34620126968972115,
        0.348442865495571,
        0.3490942002810702,
        0.3516725712757442,
        0.35350242533964993,
        0.3522303208984488,
        0.35224929514004144,
        0.35424351327321596,
        0.35496219260855577,
        0.3539498017954183,
        0.353359142227262,
        0.35384697726483455,
        0.3545914605031601,
        0.3555751757393305,
        0.35476622900223764,
        0.3540838873781963,
        0.35342362687985085,
        0.35265273816746223,
        0.35335103030159426,
        0.3539309937101542,
        0.3539840347018318,
        0.35420566334239495,
        0.3526911923622391,
        0.3542937766053143,
        0.3542821305484163,
        0.3554232170203349,
        0.3542894613130075,
        0.35422934818231244,
        0.35453914914058704,
        0.3548171923655786,
        0.3544854887504547,
        0.35675431453894274,
        0.35699102740570005,
        0.35662600537156386,
        0.3579107129410141,
        0.35846560467982913,
        0.3582308986410433,
        0.35826630150560557,
        0.3580092753779598,
        0.35878133701964976,
        0.3577661774673917,
        0.359349182731379,
        0.35871044012581105,
        0.3575622419687105,
        0.3571397356277698,
        0.35600169910078405
      ],
      "computation_times": [
        0,
        0,
        0,
        0.006505012512207031,
        0.006503582000732422,
        0.006669918696085612,
        0.006628453731536865,
        0.006505393981933593,
        0.006588538487752278,
        0.006647927420479911,
        0.0066919028759002686,
        0.006615532769097222,
        0.006604385375976562,
        0.006731683557683771,
        0.006629049777984619,
        0.006696040813739483,
        0.0067179203033447266,
        0.006703980763753255,
        0.006785273551940918,
        0.006739321876974667,
        0.006698264016045464,
        0.0066883438511898645,
        0.006704187393188477,
        0.006670861017136346,
        0.006617643616416238,
        0.006612528925356658,
        0.006608009338378906,
        0.006623868942260742,
        0.006619554299574632,
        0.006596627058806243,
        0.006611517497471401,
        0.006590588339443864,
        0.0065877278645833336,
        0.0065526270097301855,
        0.006551004946231842,
        0.0065496112361098785,
        0.0065188688390395225,
        0.00650409289768764,
        0.006503979365030925,
        0.006503994400436814,
        0.006530328800803737,
        0.006516841741708608,
        0.0065289556980133055,
        0.00654056595592964,
        0.006539662679036458,
        0.006550489470016125,
        0.00653817436911843,
        0.006559684541490343,
        0.00662373978158702,
        0.006621274542301259,
        0.00661906103293101,
        0.006616636198394152,
        0.0067345619201660155,
        0.006730103025249406,
        0.006773884479816143,
        0.006806513048567862,
        0.006810148557027181,
        0.0067954106764359905,
        0.006781348160334996,
        0.00677666329500968,
        0.0067737308041802766,
        0.006760637638932567,
        0.006772947311401367,
        0.006776907404915231,
        0.006772602758099956,
        0.0067764804476783385,
        0.006772249937057495,
        0.006768043224628155,
        0.0067488677573926525,
        0.006737776656649006,
        0.006726973197039436,
        0.006709188654802848,
        0.006691912242344448,
        0.0066963350269156445,
        0.006693720817565918,
        0.006704911793747994,
        0.006688656033696355,
        0.006679506301879883,
        0.006677276209781044,
        0.006713978655926593,
        0.006749825599866035,
        0.006797398192973076
      ]
    },
    {
      "total_reward": 259.1413647476509,
      "language_reward": "20.249794",
      "env_reward": 361.5234646476612,
      "steps": 69,
      "similarities": [
        0.0,
        0.0,
        0.0,
        0.03556596040302236,
        0.06823289195608412,
        0.09742469382844221,
        0.12348077341497216,
        0.14674888360668925,
        0.16760718163155025,
        0.18589205825141497,
        0.20108225507307192,
        0.21583679021168062,
        0.22940689154144595,
        0.24149701288196448,
        0.252130818240459,
        0.2623835795666313,
        0.2705755129916751,
        0.2792125883733089,
        0.28657544318518313,
        0.29305648762944153,
        0.3005829298531689,
        0.30564542359629565,
        0.3115897450975189,
        0.3178878069976832,
        0.32156234703372866,
        0.32423611993365875,
        0.32668381571499006,
        0.33047933926928014,
        0.3324411169660768,
        0.33339297206654733,
        0.3355274005820741,
        0.33739486888281206,
        0.33935751541109416,
        0.3409977960002042,
        0.3420006548548406,
        0.3432040938942682,
        0.34452947302864906,
        0.3457148468241037,
        0.3451784381779115,
        0.3479904355283654,
        0.3493504020188806,
        0.34967159354869987,
        0.3500309362837687,
        0.35172946370344693,
        0.35169833708515547,
        0.3516774250974877,
        0.35231710411854045,
        0.351626700025633,
        0.3526840406754519,
        0.3534707676403899,
        0.3529169749534809,
        0.35371624580881256,
        0.3532571185910475,
        0.3532784447016356,
        0.353301141375747,
        0.3541472338993241,
        0.3548662506800058,
        0.3550112430919138,
        0.35403462594353957,
        0.3556973546775745,
        0.3567743417208868,
        0.3566064151758961,
        0.35566068687517965,
        0.35655709952595294,
        0.3561262049808105,
        0.3574771706765934,
        0.35749231896317013,
        0.35760084709914514,
        0.3574888542800524
      ],