{
  "instruction": "walk backward",
  "num_episodes": 3,
  "mean_total_reward": 218.13742754784775,
  "std_total_reward": 64.82767477902028,
  "mean_language_reward": 18.476114485254286,
  "mean_env_reward": 351.2449711627628,
  "mean_similarity": 0.27420793601743876,
  "mean_episode_length": 66.0,
  "mean_computation_time": 0.007573296925098634,
  "episode_data": [
    {
      "total_reward": 181.76612575142883,
      "language_reward": 14.083683650465002,
      "env_reward": 293.5544204854049,
      "steps": 53,
      "similarities": [
        0.0,
        0.0,
        0.0,
        0.03399398264310272,
        0.06473296293652334,
        0.09386072378388888,
        0.11938631559908908,
        0.14162687123241813,
        0.1623418344321208,
        0.1807872819033211,
        0.19833813765855576,
        0.21302782144428373,
        0.22634893175622642,
        0.23920250574114904,
        0.2495640854715862,
        0.259716585195261,
        0.268013000458632,
        0.275783812769023,
        0.2825231172722002,
        0.2871085332782577,
        0.2924782168207956,
        0.2970943768217778,
        0.3020165497098916,
        0.30678381702596447,
        0.3110101116791389,
        0.3142287657993858,
        0.31715905914222164,
        0.31968303614713,
        0.3223906179289244,
        0.3237586208690316,
        0.32572297812954654,
        0.32865087416185634,
        0.32988092758272103,
        0.3310887896056696,
        0.3313396735891506,
        0.3309794005370964,
        0.33069719158784805,
        0.3314125320596593,
        0.33232559235355563,
        0.3340644964559475,
        0.3344565785002304,
        0.33457996933043516,
        0.3343824184967549,
        0.3354297842208005,
        0.3352850207113496,
        0.3357546149674651,
        0.3365845925507039,
        0.33597904211751,
        0.3372455661345527,
        0.3376276571188617,
        0.33831970897067787,
        0.3390381741100794,
        0.3398783916526297
      ],
      "computation_times": [
        0,
        0,
        0,
        0.007008790969848633,
        0.006502985954284668,
        0.006672064463297526,
        0.0066318511962890625,
        0.006507492065429688,
        0.006422877311706543,
        0.0064350877489362445,
        0.006506294012069702,
        0.006506257587009006,
        0.006606149673461914,
        0.006551070646806197,
        0.0066305796305338545,
        0.0066211957197922925,
        0.006613612174987793,
        0.006606372197469076,
        0.006631061434745789,
        0.0066533649668974034,
        0.0066729651557074655,
        0.006690702940288343,
        0.006831836700439453,
        0.006935709998721168,
        0.00700720873746005,
        0.0072246219800866165,
        0.007319827874501546,
        0.00738729476928711,
        0.007372755270737868,
        0.00743359989590115,
        0.007489749363490513,
        0.007524778103006297,
        0.0076240619023640955,
        0.0076526441881733555,
        0.0076481252908706665,
        0.007674152200872248,
        0.007684111595153809,
        0.007736362729753767,
        0.007744067245059543,
        0.007778167724609375,
        0.007757989983809621,
        0.0077387980925731166,
        0.007745659351348877,
        0.00771549271374214,
        0.0077105363210042315,
        0.007659119228984035,
        0.007621412927454168,
        0.007585509618123373,
        0.007562077563741933,
        0.007539475217778632,
        0.007507647077242534,
        0.007466793060302734,
        0.007437653541564941
      ]
    },
    {
      "total_reward": 163.44106811355468,
      "language_reward": "12.640247",
      "env_reward": 263.9749504627457,
      "steps": 49,
      "similarities": [
        0.0,
        0.0,
        0.0,
        0.032779615626889136,
        0.06467781684714999,
        0.0922383073798394,
        0.11754781810723841,
        0.1399720184723924,
        0.15980019569878884,
        0.17784246437628842,
        0.1941516544118248,
        0.2090493500120394,
        0.22217458176518687,
        0.23433104762518112,
        0.24682790511801384,
        0.25679094686617654,
        0.26537706001586,
        0.2739712817804457,
        0.28078632130223197,
        0.2866285518635304,
        0.29334175790828243,
        0.29775402889630653,
        0.3017522684730093,
        0.30480179224562043,
        0.3084705994911797,
        0.3101986313585251,
        0.3124316184692045,
        0.315207016683689,
        0.31609354943620427,
        0.3196790238446904,
        0.32028791156375347,
        0.32309904800455536,
        0.32433111364976325,
        0.32569045831686977,
        0.32665765656385104,
        0.32793255536861554,
        0.3292389435505569,
        0.3309135437074023,
        0.33217985722925,
        0.3325467213392182,
        0.3332715483054409,
        0.33452292485869795,
        0.33528516593677166,
        0.3357930516886333,
        0.33620228838017047,
        0.33824216725694983,
        0.33896276878427467,
        0.3394336658445089,
        0.33992369099075603
      ],
      "computation_times": [
        0.007437653541564941,
        0.007437653541564941,
        0.007437653541564941,
        0.007429216422286688,
        0.007421090052678035,
        0.007441529687845482,
        0.007414866376806189,
        0.007389228994196111,
        0.007364575351987567,
        0.007349399098178796,
        0.007334791380783607,
        0.007320791988049523,
        0.007315655549367269,
        0.007294213185544874,
        0.007281403387746503,
        0.007277076206510029,
        0.00726502388715744,
        0.007261122190035306,
        0.007257241191286029,
        0.00723849837459735,
        0.007242321968078613,
        0.007246131482331649,
        0.007285588128226144,
        0.0073239937634535235,
        0.007340457704332139,
        0.00734263250272568,
        0.007358322272429595,
        0.007360283533732096,
        0.007362161812029387,
        0.007390031566867581,
        0.0074557279929136615,
        0.00748174401778209,
        0.007519549131393433,
        0.007568924515335648,
        0.0075743053017593015,
        0.007591618112770908,
        0.007590597584134056,
        0.007601381750667796,
        0.007600324098453965,
        0.007645275400972915,
        0.007677866653962569,
        0.007715348447306773,
        0.007768718401590983,
        0.007760270611270444,
        0.007773785487465237,
        0.007797777011830319,
        0.0077892922340555395,
        0.007780986083181281,
        0.00778854638338089
      ]
    },
    {
      "total_reward": 309.2050887785596,
      "language_reward": "28.704412",
      "env_reward": 496.20554254013786,
      "steps": 96,