{
  "instruction": "turn left",
  "num_episodes": 3,
  "mean_total_reward": 159.19873682951444,
  "std_total_reward": 8.307664749251046,
  "mean_language_reward": "16.039438",
  "mean_env_reward": 302.3580338600484,
  "mean_similarity": 0.2661539777251017,
  "mean_episode_length": 57.0,
  "mean_computation_time": 0.006955170717280713,
  "episode_data": [
    {
      "total_reward": 167.94957628556045,
      "language_reward": "17.205807",
      "env_reward": 318.6933437148757,
      "steps": 60,
      "similarities": [
        0.0,
        0.0,
        0.0,
        0.03255867893367674,
        0.06255061261013363,
        0.0895836414379642,
        0.11463122344585241,
        0.13693473395912426,
        0.15685596783770656,
        0.17591454065217732,
        0.1924289454435727,
        0.20742983846966986,
        0.22021866909021337,
        0.23264832181021206,
        0.24600441790406827,
        0.25690056070906503,
        0.2653959234217008,
        0.27277356321011786,
        0.2790247728402616,
        0.2835866633972497,
        0.2879200140338513,
        0.29185125052936545,
        0.295967351092972,
        0.30010118807009456,
        0.30334515582882743,
        0.3057348879894132,
        0.30813572187097665,
        0.31071374236868393,
        0.3112864894522186,
        0.31358138201975666,
        0.3154880665059305,
        0.3181508957464382,
        0.3196909194208261,
        0.32165818393524637,
        0.32276335349031504,
        0.3238483516366446,
        0.32571885917011156,
        0.3272866811204581,
        0.329099702479081,
        0.32878364373155883,
        0.328866604402861,
        0.3296885158545318,
        0.33068045394021983,
        0.3320288244020554,
        0.33337872207848634,
        0.33500325116711943,
        0.33570914894394405,
        0.3352925759128481,
        0.336087893372633,
        0.3365942727872145,
        0.33702718690576305,
        0.3379843011111842,
        0.33980468656393925,
        0.3401333870239652,
        0.33956347327915054,
        0.33961176403316906,
        0.33971443297364173,
        0.33931159776653286,
        0.3399299708650598,
        0.33868882674252804
      ],
      "computation_times": [
        0,
        0,
        0,
        0.009006023406982422,
        0.007753491401672363,
        0.007836262385050455,
        0.0076271891593933105,
        0.007904243469238282,
        0.007671038309733073,
        0.007718631199428013,
        0.007504820823669434,
        0.00756065050760905,
        0.007555603981018066,
        0.007596947930075906,
        0.00804827610651652,
        0.008160132628220778,
        0.008220570428030831,
        0.008239539464314778,
        0.00838133692741394,
        0.008271273444680607,
        0.008200936847262912,
        0.008085351241262336,
        0.00798107385635376,
        0.007982265381585984,
        0.007915561849420721,
        0.007854192153267239,
        0.007797986268997192,
        0.007746047973632812,
        0.007698150781484751,
        0.007635496280811451,
        0.00757725749697004,
        0.007540324638629782,
        0.007505941390991211,
        0.007522152316185736,
        0.007490634918212891,
        0.0074607458981600676,
        0.007432713228113511,
        0.00740598269871303,
        0.007408612304263645,
        0.0073977741035255225,
        0.007374493699324758,
        0.0073394958789532,
        0.007306039333343506,
        0.007286379976970393,
        0.007291708673749652,
        0.007273568663486215,
        0.0072674371979453345,
        0.007272799809773763,
        0.007277986277704654,
        0.007282855662893742,
        0.007256160179773967,
        0.007261285976487763,
        0.007276201248168945,
        0.007261164048138787,
        0.007237007984748254,
        0.00722323273712734,
        0.0072099411929095235,
        0.007197020270607688,
        0.0071935100214821955,
        0.007190373905918054
      ]
    },
    {
      "total_reward": 161.61250313442673,
      "language_reward": "16.299316",
      "env_reward": 306.9256878903873,
      "steps": 58,
      "similarities": [
        0.0,
        0.0,
        0.0,
        0.034427595982739645,
        0.06438432275754676,
        0.09283559862117619,
        0.11783530211193707,
        0.14036254451882818,
        0.15994721600259199,
        0.17636894333686984,
        0.19350814097647676,
        0.20816051825417642,
        0.2213630650108376,
        0.23293188057985345,
        0.24501812726695743,
        0.25434821823746173,
        0.26248688508240625,
        0.2702180581179953,
        0.275870866888504,
        0.28116819823206846,
        0.2868563282835404,
        0.29144364654786675,
        0.29586328419563507,
        0.2982701253309773,
        0.3015071284384711,
        0.30750779724975835,
        0.3102811262536549,
        0.3120633916423408,
        0.3122622451343932,
        0.3138380780075701,
        0.3144932231091745,
        0.31558535996344195,
        0.31669374959329605,
        0.3177865598149809,
        0.3197387495668692,
        0.32120297927024516,
        0.3225695315502925,
        0.3243209783808801,
        0.3253829058599054,
        0.32794812359565384,
        0.32923222117036244,
        0.33131800069354195,
        0.3314401089127998,
        0.3324878253597287,
        0.3321164720516502,
        0.33248353203828557,
        0.33215163916101675,
        0.3341830620187804,
        0.3346749830310737,
        0.33368354546111983,
        0.33393725863151025,
        0.33409861632515353,
        0.33355600156664433,
        0.3347667667170282,
        0.334241557164763,
        0.3337025914595376,
        0.3352770754763828,
        0.3348252838427298
      ],
      "computation_times": [
        0.007190373905918054,
        0.007190373905918054,
        0.007190373905918054,
        0.007178614879476613,
        0.007158768379082114,
        0.007139615217844645,
        0.007120933689054896,
        0.007111072540283203,
        0.007101501737322126,
        0.007099997252225876,
        0.007075394116915189,
        0.007051597942005505,
        0.007028512100675213,
        0.0070356095538419835,
        0.007027937018353006,
        0.007013228961399623,
        0.0070061515754377334,
        0.006999181376563178,
        0.006985566387437794,
        0.006972248489792283,
        0.0069794400533040365,
        0.006966675582684968,
        0.006960744981641893,
        0.006948440502851437,
        0.006968163236787048,
        0.006968563795089722,
        0.006950469664585443,
        0.006932840114686548,
        0.006921696375651532,
        0.006910724299294608,
        0.006917726292329676,
        0.006907191387442655,
        0.0068968575576256064,
        0.006892345168373801,
        0.006887950254290291,
        0.00688376956515842,
        0.006874121152437651,
        0.006864695445350979,
        0.006860761232273553,
        0.006856974135053919,
        0.006853354604620682,
        0.006849750876426697,
        0.006840988532784059,
        0.006832470699232452,
        0.006819057946253305,
        0.006810874938964844,
        0.006785802841186524,
        0.006775791645050049,
        0.006755838394165039,
        0.006745908260345459,
        0.0067208647727966305,
        0.00673081636428833,
        0.006710836887359619,
        0.006715812683105469,
        0.006700823307037354,
        0.00668569803237915,
        0.006675643920898438,
        0.006615650653839111
      ]
    },
    {
      "total_reward": 148.03413106855612,
      "language_reward": "14.613192",
      "env_reward": 281.4550699748823,
      "steps": 53,