{
  "instruction": "stop moving",
  "num_episodes": 3,
  "mean_total_reward": 126.88653282544082,
  "std_total_reward": 1.4826275032416036,
  "mean_language_reward": "24.46369",
  "mean_env_reward": 365.87317887585,
  "mean_similarity": 0.2984635016487685,
  "mean_episode_length": 67.33333333333333,
  "mean_computation_time": 0.006234064723729491,
  "episode_data": [
    {
      "total_reward": 124.80780976899268,
      "language_reward": "24.012455",
      "env_reward": 359.9969718520785,
      "steps": 68,
      "similarities": [
        0.0,
        0.0,
        0.0,
        0.03646136974699911,
        0.07075633865227553,
        0.09972595400726443,
        0.12719110287323304,
        0.15218391450915342,
        0.17359776446654113,
        0.19241550573460867,
        0.21073519194184478,
        0.22675776697637093,
        0.24022398047098148,
        0.2539213607610696,
        0.26543047407510706,
        0.2747753789155776,
        0.28322596633431857,
        0.28989964453667316,
        0.295875671350747,
        0.30127736854261683,
        0.305925929767772,
        0.3091183249082932,
        0.3113872699073358,
        0.31575152643868376,
        0.3213245581921186,
        0.3247823917301875,
        0.3288556076767406,
        0.331329326047509,
        0.3336266656842115,
        0.3345610132972139,
        0.33808582648622026,
        0.3389869020662702,
        0.34236990657829114,
        0.3450174276102642,
        0.34696098578927625,
        0.34810739747310565,
        0.3478046397760094,
        0.3508944258054688,
        0.3536163404152472,
        0.35636793631354335,
        0.35787924252256736,
        0.3602995573633915,
        0.3613526534348188,
        0.3625121836694265,
        0.36439082175874427,
        0.36561284932793436,
        0.36607519871277105,
        0.3677510499636112,
        0.3681532139227908,
        0.369716406343175,
        0.3694501590725409,
        0.37076643345495935,
        0.37046187681121395,
        0.3705243259681833,
        0.3690928401047373,
        0.3679417035305895,
        0.3661761683045133,
        0.3659751533860736,
        0.36549473137630617,
        0.36564937471181125,
        0.36355824071241905,
        0.36383469923170936,
        0.36323415586433533,
        0.3632074195770308,
        0.3647897750070839,
        0.36409831066079235,
        0.3635948513577235,
        0.36225851871616677
      ],
      "computation_times": [
        0,
        0,
        0,
        0.006005048751831055,
        0.006754875183105469,
        0.006504615147908528,
        0.006253540515899658,
        0.006203699111938477,
        0.006758888562520345,
        0.00700831413269043,
        0.006945401430130005,
        0.006951941384209527,
        0.006856775283813477,
        0.00673343918540261,
        0.006797671318054199,
        0.00673668201153095,
        0.00686298097882952,
        0.006738789876302083,
        0.006880447268486023,
        0.006916887619916131,
        0.00686739550696479,
        0.006848310169420745,
        0.006806135177612305,
        0.006767749786376953,
        0.006801030852577903,
        0.00676640220310377,
        0.006734768549601237,
        0.006725788116455078,
        0.006678581237792969,
        0.00667217042711046,
        0.006684039320264544,
        0.0066778577607253505,
        0.006655263900756836,
        0.0066509862099924395,
        0.006646588444709778,
        0.0066423054897423945,
        0.006638267460991354,
        0.006620032446725028,
        0.0066029296980963815,
        0.006573251775793127,
        0.00655822377455862,
        0.0065567248906844705,
        0.0065304160118103026,
        0.006542008097578839,
        0.006529257411048526,
        0.006551886713782022,
        0.006550826809623025,
        0.006533564461602105,
        0.006522085355675738,
        0.00651097297668457,
        0.0065004825592041016,
        0.006490366799490792,
        0.0064605712890625,
        0.006451569351495481,
        0.006433372314159687,
        0.006415803477449238,
        0.006417362778275101,
        0.006409861824729226,
        0.006393700838088989,
        0.006378019065187688,
        0.006380529239259917,
        0.006382631043256339,
        0.006367953618367513,
        0.0063537222440125515,
        0.006348094632548671,
        0.006334705958290706,
        0.006329476833343506,
        0.006332162710336538
      ]
    },
    {
      "total_reward": 127.68828267256352,
      "language_reward": "25.360706",
      "env_reward": 366.4526318785301,
      "steps": 67,
      "similarities": [
        0.0,
        0.0,
        0.0,
        0.03776150949801943,
        0.07019616486814159,
        0.1002077148493235,
        0.1264161127205465,
        0.14965801300799236,
        0.17082396211757017,
        0.18985223899121145,
        0.20781916121264482,
        0.22641403740315602,
        0.24019072899714755,
        0.25333050080484054,
        0.26479001568819194,
        0.27412188333458054,
        0.28354658101367713,
        0.29220357114449275,
        0.29888279322773487,
        0.30450102740968965,
        0.30981011106041123,
        0.314084532503235,
        0.31842348076473836,
        0.32252961456596646,
        0.3250436110018197,
        0.3262891393524592,
        0.3281811523415333,
        0.33140840324566245,
        0.33341335453505144,
        0.3337067820881108,
        0.33355311430682477,
        0.3353064127823253,
        0.33675153699335403,
        0.33864586151237996,
        0.3412070286711515,
        0.3426701775828978,
        0.3451673037550156,
        0.34658804616730354,
        0.3478599869490192,
        0.3489422971142377,
        0.35024590205133643,
        0.3518738785598899,
        0.3543184854384565,
        0.3549092340342688,
        0.356364262162642,
        0.35778760004302623,
        0.36007838673237524,
        0.3625240198121762,
        0.3632538292880387,
        0.36451733574795175,
        0.3666014882692606,
        0.368622228605494,
        0.370360814549343,
        0.3714700132403365,
        0.3719793091920518,
        0.37142707029780336,
        0.37204369963307915,
        0.3718832637899248,
        0.37223303690971676,
        0.37240685574390936,
        0.37379167504857336,
        0.3737277498098299,
        0.37339471102418875,
        0.3720344770812255,
        0.37244931833385364,
        0.37188279337426633,
        0.37276599983750647
      ],